{
  "name": "matura-course-starter",
  "version": "0.1.0",
  "private": true,
  "scripts": {
    "dev": "next dev -p 3000",
    "build": "next build",
    "start": "next start -p 3000",
    "lint": "next lint"
  },
  "dependencies": {
    "@supabase/supabase-js": "^2.10.0",
    "axios": "^1.4.0",
    "next": "14.1.0",
    "react": "18.2.0",
    "react-dom": "18.2.0",
    "stripe": "^12.13.0"
  },
  "devDependencies": {
    "@types/node": "20.4.2",
    "@types/react": "18.2.28",
    "autoprefixer": "10.4.14",
    "eslint": "8.46.0",
    "eslint-config-next": "14.1.0",
    "postcss": "8.4.32",
    "tailwindcss": "3.5.3",
    "typescript": "5.3.3"
  }
}